[{"model": "MainCalendar.weektemplate", "pk": 26, "fields": {"name": "Week 2", "cells": [1981, 1982, 1983, 1984, 1985, 1986, 1987, 1988, 1989, 1990, 1991, 1992, 1993, 1994, 1995, 1996, 1997, 1998, 1999, 2000, 2001, 2002, 2003, 2004, 2005, 2006, 2007, 2008, 2009, 2010, 2011, 2012, 2013, 2014, 2015, 2016, 2017, 2018, 2019, 2020, 2021, 2022, 2023, 2024, 2025, 2026, 2027, 2028, 2029, 2030, 2031, 2032, 2033, 2034, 2035, 2036, 2037, 2038, 2039, 2040]}}, {"model": "MainCalendar.weektemplate", "pk": 27, "fields": {"name": "Week 2", "cells": [2041, 2042, 2043, 2044, 2045, 2046, 2047, 2048, 2049, 2050, 2051, 2052, 2053, 2054, 2055, 2056, 2057, 2058, 2059, 2060, 2061, 2062, 2063, 2064, 2065, 2066, 2067, 2068, 2069, 2070, 2071, 2072, 2073, 2074, 2075, 2076, 2077, 2078, 2079, 2080, 2081, 2082, 2083, 2084, 2085, 2086, 2087, 2088, 2089, 2090, 2091, 2092, 2093, 2094, 2095, 2096, 2097, 2098, 2099, 2100]}}, {"model": "MainCalendar.weektemplate", "pk": 28, "fields": {"name": "Week 2", "cells": [2101, 2102, 2103, 2104, 2105, 2106, 2107, 2108, 2109, 2110, 2111, 2112, 2113, 2114, 2115, 2116, 2117, 2118, 2119, 2120, 2121, 2122, 2123, 2124, 2125, 2126, 2127, 2128, 2129, 2130, 2131, 2132, 2133, 2134, 2135, 2136, 2137, 2138, 2139, 2140, 2141, 2142, 2143, 2144, 2145, 2146, 2147, 2148, 2149, 2150, 2151, 2152, 2153, 2154, 2155, 2156, 2157, 2158, 2159, 2160]}}, {"model": "MainCalendar.weektemplate", "pk": 29, "fields": {"name": "Week 2", "cells": [2161, 2162, 2163, 2164, 2165, 2166, 2167, 2168, 2169, 2170, 2171, 2172, 2173, 2174, 2175, 2176, 2177, 2178, 2179, 2180, 2181, 2182, 2183, 2184, 2185, 2186, 2187, 2188, 2189, 2190, 2191, 2192, 2193, 2194, 2195, 2196, 2197, 2198, 2199, 2200, 2201, 2202, 2203, 2204, 2205, 2206, 2207, 2208, 2209, 2210, 2211, 2212, 2213, 2214, 2215, 2216, 2217, 2218, 2219, 2220]}}, {"model": "MainCalendar.weektemplate", "pk": 30, "fields": {"name": "Week 0", "cells": [2221, 2222, 2223, 2224, 2225, 2226, 2227, 2228, 2229, 2230, 2231, 2232, 2233, 2234, 2235, 2236, 2237, 2238, 2239, 2240, 2241, 2242, 2243, 2244, 2245, 2246, 2247, 2248, 2249, 2250]}}, {"model": "MainCalendar.weektemplate", "pk": 31, "fields": {"name": "Week 0", "cells": [2251, 2252, 2253, 2254, 2255, 2256, 2257, 2258, 2259, 2260, 2261, 2262, 2263, 2264, 2265, 2266, 2267, 2268, 2269, 2270, 2271, 2272, 2273, 2274, 2275, 2276, 2277, 2278, 2279, 2280]}}, {"model": "MainCalendar.weektemplate", "pk": 32, "fields": {"name": "Week 0", "cells": [2281, 2282, 2283, 2284, 2285, 2286, 2287, 2288, 2289, 2290, 2291, 2292, 2293, 2294, 2295, 2296, 2297, 2298, 2299, 2300, 2301, 2302, 2303, 2304, 2305, 2306, 2307, 2308, 2309, 2310]}}, {"model": "MainCalendar.weektemplate", "pk": 33, "fields": {"name": "Week 1", "cells": [2311, 2312, 2313, 2314, 2315, 2316, 2317, 2318, 2319, 2320, 2321, 2322, 2323, 2324, 2325, 2326, 2327, 2328, 2329, 2330, 2331, 2332, 2333, 2334, 2335, 2336, 2337, 2338, 2339, 2340]}}, {"model": "MainCalendar.weektemplate", "pk": 34, "fields": {"name": "Week 0", "cells": [2341, 2342, 2343, 2344, 2345, 2346, 2347, 2348, 2349, 2350, 2351, 2352, 2353, 2354, 2355, 2356, 2357, 2358, 2359, 2360, 2361, 2362, 2363, 2364, 2365, 2366, 2367, 2368, 2369, 2370, 2371, 2372, 2373, 2374, 2375, 2376, 2377, 2378, 2379, 2380, 2381, 2382, 2383, 2384, 2385, 2386, 2387, 2388, 2389, 2390, 2391, 2392, 2393, 2394, 2395, 2396, 2397, 2398, 2399, 2400]}}, {"model": "MainCalendar.weektemplate", "pk": 35, "fields": {"name": "Week 1", "cells": [2401, 2402, 2403, 2404, 2405, 2406, 2407, 2408, 2409, 2410, 2411, 2412, 2413, 2414, 2415, 2416, 2417, 2418, 2419, 2420, 2421, 2422, 2423, 2424, 2425, 2426, 2427, 2428, 2429, 2430, 2431, 2432, 2433, 2434, 2435, 2436, 2437, 2438, 2439, 2440, 2441, 2442, 2443, 2444, 2445, 2446, 2447, 2448, 2449, 2450, 2451, 2452, 2453, 2454, 2455, 2456, 2457, 2458, 2459, 2460]}}, {"model": "MainCalendar.timetabletemplate", "pk": 19, "fields": {"name": "Block 3", "interval": 60, "start": "07:00:00", "end": "17:00:00", "weeks": [26, 27]}}, {"model": "MainCalendar.timetabletemplate", "pk": 20, "fields": {"name": "Block 2", "interval": 60, "start": "07:00:00", "end": "17:00:00", "weeks": [28, 29]}}, {"model": "MainCalendar.timetabletemplate", "pk": 21, "fields": {"name": "Real schedule", "interval": 120, "start": "07:00:00", "end": "17:00:00", "weeks": [30]}}, {"model": "MainCalendar.timetabletemplate", "pk": 22, "fields": {"name": "Real schedule", "interval": 120, "start": "07:00:00", "end": "17:00:00", "weeks": [31]}}, {"model": "MainCalendar.timetabletemplate", "pk": 23, "fields": {"name": "", "interval": 120, "start": "07:00:00", "end": "17:00:00", "weeks": [32, 33]}}, {"model": "MainCalendar.timetabletemplate", "pk": 24, "fields": {"name": "Final Test Template", "interval": 60, "start": "07:00:00", "end": "17:00:00", "weeks": [34, 35]}}, {"model": "MainCalendar.cell", "pk": 1981, "fields": {"color": 0}}, {"model": "MainCalendar.cell", "pk": 1982, "fields": {"color": 0}}, {"model": "MainCalendar.cell", "pk": 1983, "fields": {"color": 0}}, {"model": "MainCalendar.cell", "pk": 1984, "fields": {"color": 0}}, {"model": "MainCalendar.cell", "pk": 1985, "fields": {"color": 0}}, {"model": "MainCalendar.cell", "pk": 1986, "fields": {"color": 0}}, {"model": "MainCalendar.cell", "pk": 1987, "fields": {"color": 0}}, {"model": "MainCalendar.cell", "pk": 1988, "fields": {"color": 0}}, {"model": "MainCalendar.cell", "pk": 1989, "fields": {"color": 0}}, {"model": "MainCalendar.cell", "pk": 1990, "fields": {"color": 0}}, {"model": "MainCalendar.cell", "pk": 1991, "fields": {"color": 0}}, {"model": "MainCalendar.cell", "pk": 1992, "fields": {"color": 0}}, {"model": "MainCalendar.cell", "pk": 1993, "fields": {"color": 0}}, {"model": "MainCalendar.cell", "pk": 1994, "fields": {"color": 0}}, {"model": "MainCalendar.cell", "pk": 1995, "fields": {"color": 0}}, {"model": "MainCalendar.cell", "pk": 1996, "fields": {"color": 0}}, {"model": "MainCalendar.cell", "pk": 1997, "fields": {"color": 0}}, {"model": "MainCalendar.cell", "pk": 1998, "fields": {"color": 0}}, {"model": "MainCalendar.cell", "pk": 1999, "fields": {"color": 0}}, {"model": "MainCalendar.cell", "pk": 2000, "fields": {"color": 0}}, {"model": "MainCalendar.cell", "pk": 2001, "fields": {"color": 0}}, {"model": "MainCalendar.cell", "pk": 2002, "fields": {"color": 0}}, {"model": "MainCalendar.cell", "pk": 2003, "fields": {"color": 0}}, {"model": "MainCalendar.cell", "pk": 2004, "fields": {"color": 0}}, {"model": "MainCalendar.cell", "pk": 2005, "fields": {"color": 0}}, {"model": "MainCalendar.cell", "pk": 2006, "fields": {"color": 0}}, {"model": "MainCalendar.cell", "pk": 2007, "fields": {"color": 0}}, {"model": "MainCalendar.cell", "pk": 2008, "fields": {"color": 0}}, {"model": "MainCalendar.cell", "pk": 2009, "fields": {"color": 0}}, {"model": "MainCalendar.cell", "pk": 2010, "fields": {"color": 0}}, {"model": "MainCalendar.cell", "pk": 2011, "fields": {"color": 0}}, {"model": "MainCalendar.cell", "pk": 2012, "fields": {"color": 0}}, {"model": "MainCalendar.cell", "pk": 2013, "fields": {"color": 0}}, {"model": "MainCalendar.cell", "pk": 2014, "fields": {"color": 0}}, {"model": "MainCalendar.cell", "pk": 2015, "fields": {"color": 0}}, {"model": "MainCalendar.cell", "pk": 2016, "fields": {"color": 0}}, {"model": "MainCalendar.cell", "pk": 2017, "fields": {"color": 0}}, {"model": "MainCalendar.cell", "pk": 2018, "fields": {"color": 0}}, {"model": "MainCalendar.cell", "pk": 2019, "fields": {"color": 0}}, {"model": "MainCalendar.cell", "pk": 2020, "fields": {"color": 0}}, {"model": "MainCalendar.cell", "pk": 2021, "fields": {"color": 0}}, {"model": "MainCalendar.cell", "pk": 2022, "fields": {"color": 0}}, {"model": "MainCalendar.cell", "pk": 2023, "fields": {"color": 0}}, {"model": "MainCalendar.cell", "pk": 2024, "fields": {"color": 0}}, {"model": "MainCalendar.cell", "pk": 2025, "fields": {"color": 0}}, {"model": "MainCalendar.cell", "pk": 2026, "fields": {"color": 0}}, {"model": "MainCalendar.cell", "pk": 2027, "fields": {"color": 0}}, {"model": "MainCalendar.cell", "pk": 2028, "fields": {"color": 0}}, {"model": "MainCalendar.cell", "pk": 2029, "fields": {"color": 0}}, {"model": "MainCalendar.cell", "pk": 2030, "fields": {"color": 0}}, {"model": "MainCalendar.cell", "pk": 2031, "fields": {"color": 0}}, {"model": "MainCalendar.cell", "pk": 2032, "fields": {"color": 0}}, {"model": "MainCalendar.cell", "pk": 2033, "fields": {"color": 0}}, {"model": "MainCalendar.cell", "pk": 2034, "fields": {"color": 0}}, {"model": "MainCalendar.cell", "pk": 2035, "fields": {"color": 0}}, {"model": "MainCalendar.cell", "pk": 2036, "fields": {"color": 0}}, {"model": "MainCalendar.cell", "pk": 2037, "fields": {"color": 0}}, {"model": "MainCalendar.cell", "pk": 2038, "fields": {"color": 0}}, {"model": "MainCalendar.cell", "pk": 2039, "fields": {"color": 0}}, {"model": "MainCalendar.cell", "pk": 2040, "fields": {"color": 0}}, {"model": "MainCalendar.cell", "pk": 2041, "fields": {"color": 0}}, {"model": "MainCalendar.cell", "pk": 2042, "fields": {"color": 0}}, {"model": "MainCalendar.cell", "pk": 2043, "fields": {"color": 0}}, {"model": "MainCalendar.cell", "pk": 2044, "fields": {"color": 0}}, {"model": "MainCalendar.cell", "pk": 2045, "fields": {"color": 0}}, {"model": "MainCalendar.cell", "pk": 2046, "fields": {"color": 0}}, {"model": "MainCalendar.cell", "pk": 2047, "fields": {"color": 0}}, {"model": "MainCalendar.cell", "pk": 2048, "fields": {"color": 0}}, {"model": "MainCalendar.cell", "pk": 2049, "fields": {"color": 0}}, {"model": "MainCalendar.cell", "pk": 2050, "fields": {"color": 0}}, {"model": "MainCalendar.cell", "pk": 2051, "fields": {"color": 0}}, {"model": "MainCalendar.cell", "pk": 2052, "fields": {"color": 0}}, {"model": "MainCalendar.cell", "pk": 2053, "fields": {"color": 0}}, {"model": "MainCalendar.cell", "pk": 2054, "fields": {"color": 0}}, {"model": "MainCalendar.cell", "pk": 2055, "fields": {"color": 0}}, {"model": "MainCalendar.cell", "pk": 2056, "fields": {"color": 0}}, {"model": "MainCalendar.cell", "pk": 2057, "fields": {"color": 0}}, {"model": "MainCalendar.cell", "pk": 2058, "fields": {"color": 0}}, {"model": "MainCalendar.cell", "pk": 2059, "fields": {"color": 0}}, {"model": "MainCalendar.cell", "pk": 2060, "fields": {"color": 0}}, {"model": "MainCalendar.cell", "pk": 2061, "fields": {"color": 0}}, {"model": "MainCalendar.cell", "pk": 2062, "fields": {"color": 0}}, {"model": "MainCalendar.cell", "pk": 2063, "fields": {"color": 0}}, {"model": "MainCalendar.cell", "pk": 2064, "fields": {"color": 0}}, {"model": "MainCalendar.cell", "pk": 2065, "fields": {"color": 0}}, {"model": "MainCalendar.cell", "pk": 2066, "fields": {"color": 0}}, {"model": "MainCalendar.cell", "pk": 2067, "fields": {"color": 0}}, {"model": "MainCalendar.cell", "pk": 2068, "fields": {"color": 0}}, {"model": "MainCalendar.cell", "pk": 2069, "fields": {"color": 0}}, {"model": "MainCalendar.cell", "pk": 2070, "fields": {"color": 0}}, {"model": "MainCalendar.cell", "pk": 2071, "fields": {"color": 0}}, {"model": "MainCalendar.cell", "pk": 2072, "fields": {"color": 0}}, {"model": "MainCalendar.cell", "pk": 2073, "fields": {"color": 0}}, {"model": "MainCalendar.cell", "pk": 2074, "fields": {"color": 0}}, {"model": "MainCalendar.cell", "pk": 2075, "fields": {"color": 0}}, {"model": "MainCalendar.cell", "pk": 2076, "fields": {"color": 0}}, {"model": "MainCalendar.cell", "pk": 2077, "fields": {"color": 0}}, {"model": "MainCalendar.cell", "pk": 2078, "fields": {"color": 0}}, {"model": "MainCalendar.cell", "pk": 2079, "fields": {"color": 0}}, {"model": "MainCalendar.cell", "pk": 2080, "fields": {"color": 0}}, {"model": "MainCalendar.cell", "pk": 2081, "fields": {"color": 0}}, {"model": "MainCalendar.cell", "pk": 2082, "fields": {"color": 0}}, {"model": "MainCalendar.cell", "pk": 2083, "fields": {"color": 0}}, {"model": "MainCalendar.cell", "pk": 2084, "fields": {"color": 0}}, {"model": "MainCalendar.cell", "pk": 2085, "fields": {"color": 0}}, {"model": "MainCalendar.cell", "pk": 2086, "fields": {"color": 0}}, {"model": "MainCalendar.cell", "pk": 2087, "fields": {"color": 0}}, {"model": "MainCalendar.cell", "pk": 2088, "fields": {"color": 0}}, {"model": "MainCalendar.cell", "pk": 2089, "fields": {"color": 0}}, {"model": "MainCalendar.cell", "pk": 2090, "fields": {"color": 0}}, {"model": "MainCalendar.cell", "pk": 2091, "fields": {"color": 0}}, {"model": "MainCalendar.cell", "pk": 2092, "fields": {"color": 0}}, {"model": "MainCalendar.cell", "pk": 2093, "fields": {"color": 0}}, {"model": "MainCalendar.cell", "pk": 2094, "fields": {"color": 0}}, {"model": "MainCalendar.cell", "pk": 2095, "fields": {"color": 0}}, {"model": "MainCalendar.cell", "pk": 2096, "fields": {"color": 0}}, {"model": "MainCalendar.cell", "pk": 2097, "fields": {"color": 0}}, {"model": "MainCalendar.cell", "pk": 2098, "fields": {"color": 0}}, {"model": "MainCalendar.cell", "pk": 2099, "fields": {"color": 0}}, {"model": "MainCalendar.cell", "pk": 2100, "fields": {"color": 0}}, {"model": "MainCalendar.cell", "pk": 2101, "fields": {"color": 7}}, {"model": "MainCalendar.cell", "pk": 2102, "fields": {"color": 7}}, {"model": "MainCalendar.cell", "pk": 2103, "fields": {"color": 0}}, {"model": "MainCalendar.cell", "pk": 2104, "fields": {"color": 0}}, {"model": "MainCalendar.cell", "pk": 2105, "fields": {"color": 0}}, {"model": "MainCalendar.cell", "pk": 2106, "fields": {"color": 0}}, {"model": "MainCalendar.cell", "pk": 2107, "fields": {"color": 1}}, {"model": "MainCalendar.cell", "pk": 2108, "fields": {"color": 2}}, {"model": "MainCalendar.cell", "pk": 2109, "fields": {"color": 0}}, {"model": "MainCalendar.cell", "pk": 2110, "fields": {"color": 0}}, {"model": "MainCalendar.cell", "pk": 2111, "fields": {"color": 0}}, {"model": "MainCalendar.cell", "pk": 2112, "fields": {"color": 0}}, {"model": "MainCalendar.cell", "pk": 2113, "fields": {"color": 1}}, {"model": "MainCalendar.cell", "pk": 2114, "fields": {"color": 8}}, {"model": "MainCalendar.cell", "pk": 2115, "fields": {"color": 0}}, {"model": "MainCalendar.cell", "pk": 2116, "fields": {"color": 0}}, {"model": "MainCalendar.cell", "pk": 2117, "fields": {"color": 0}}, {"model": "MainCalendar.cell", "pk": 2118, "fields": {"color": 0}}, {"model": "MainCalendar.cell", "pk": 2119, "fields": {"color": 2}}, {"model": "MainCalendar.cell", "pk": 2120, "fields": {"color": 6}}, {"model": "MainCalendar.cell", "pk": 2121, "fields": {"color": 0}}, {"model": "MainCalendar.cell", "pk": 2122, "fields": {"color": 0}}, {"model": "MainCalendar.cell", "pk": 2123, "fields": {"color": 0}}, {"model": "MainCalendar.cell", "pk": 2124, "fields": {"color": 0}}, {"model": "MainCalendar.cell", "pk": 2125, "fields": {"color": 2}}, {"model": "MainCalendar.cell", "pk": 2126, "fields": {"color": 6}}, {"model": "MainCalendar.cell", "pk": 2127, "fields": {"color": 0}}, {"model": "MainCalendar.cell", "pk": 2128, "fields": {"color": 0}}, {"model": "MainCalendar.cell", "pk": 2129, "fields": {"color": 0}}, {"model": "MainCalendar.cell", "pk": 2130, "fields": {"color": 0}}, {"model": "MainCalendar.cell", "pk": 2131, "fields": {"color": 9}}, {"model": "MainCalendar.cell", "pk": 2132, "fields": {"color": 0}}, {"model": "MainCalendar.cell", "pk": 2133, "fields": {"color": 0}}, {"model": "MainCalendar.cell", "pk": 2134, "fields": {"color": 0}}, {"model": "MainCalendar.cell", "pk": 2135, "fields": {"color": 0}}, {"model": "MainCalendar.cell", "pk": 2136, "fields": {"color": 0}}, {"model": "MainCalendar.cell", "pk": 2137, "fields": {"color": 5}}, {"model": "MainCalendar.cell", "pk": 2138, "fields": {"color": 0}}, {"model": "MainCalendar.cell", "pk": 2139, "fields": {"color": 0}}, {"model": "MainCalendar.cell", "pk": 2140, "fields": {"color": 0}}, {"model": "MainCalendar.cell", "pk": 2141, "fields": {"color": 0}}, {"model": "MainCalendar.cell", "pk": 2142, "fields": {"color": 0}}, {"model": "MainCalendar.cell", "pk": 2143, "fields": {"color": 6}}, {"model": "MainCalendar.cell", "pk": 2144, "fields": {"color": 0}}, {"model": "MainCalendar.cell", "pk": 2145, "fields": {"color": 0}}, {"model": "MainCalendar.cell", "pk": 2146, "fields": {"color": 0}}, {"model": "MainCalendar.cell", "pk": 2147, "fields": {"color": 0}}, {"model": "MainCalendar.cell", "pk": 2148, "fields": {"color": 0}}, {"model": "MainCalendar.cell", "pk": 2149, "fields": {"color": 6}}, {"model": "MainCalendar.cell", "pk": 2150, "fields": {"color": 0}}, {"model": "MainCalendar.cell", "pk": 2151, "fields": {"color": 0}}, {"model": "MainCalendar.cell", "pk": 2152, "fields": {"color": 0}}, {"model": "MainCalendar.cell", "pk": 2153, "fields": {"color": 0}}, {"model": "MainCalendar.cell", "pk": 2154, "fields": {"color": 0}}, {"model": "MainCalendar.cell", "pk": 2155, "fields": {"color": 10}}, {"model": "MainCalendar.cell", "pk": 2156, "fields": {"color": 0}}, {"model": "MainCalendar.cell", "pk": 2157, "fields": {"color": 0}}, {"model": "MainCalendar.cell", "pk": 2158, "fields": {"color": 0}}, {"model": "MainCalendar.cell", "pk": 2159, "fields": {"color": 0}}, {"model": "MainCalendar.cell", "pk": 2160, "fields": {"color": 0}}, {"model": "MainCalendar.cell", "pk": 2161, "fields": {"color": 1}}, {"model": "MainCalendar.cell", "pk": 2162, "fields": {"color": 0}}, {"model": "MainCalendar.cell", "pk": 2163, "fields": {"color": 0}}, {"model": "MainCalendar.cell", "pk": 2164, "fields": {"color": 0}}, {"model": "MainCalendar.cell", "pk": 2165, "fields": {"color": 0}}, {"model": "MainCalendar.cell", "pk": 2166, "fields": {"color": 0}}, {"model": "MainCalendar.cell", "pk": 2167, "fields": {"color": 1}}, {"model": "MainCalendar.cell", "pk": 2168, "fields": {"color": 0}}, {"model": "MainCalendar.cell", "pk": 2169, "fields": {"color": 0}}, {"model": "MainCalendar.cell", "pk": 2170, "fields": {"color": 0}}, {"model": "MainCalendar.cell", "pk": 2171, "fields": {"color": 0}}, {"model": "MainCalendar.cell", "pk": 2172, "fields": {"color": 0}}, {"model": "MainCalendar.cell", "pk": 2173, "fields": {"color": 4}}, {"model": "MainCalendar.cell", "pk": 2174, "fields": {"color": 0}}, {"model": "MainCalendar.cell", "pk": 2175, "fields": {"color": 0}}, {"model": "MainCalendar.cell", "pk": 2176, "fields": {"color": 0}}, {"model": "MainCalendar.cell", "pk": 2177, "fields": {"color": 0}}, {"model": "MainCalendar.cell", "pk": 2178, "fields": {"color": 0}}, {"model": "MainCalendar.cell", "pk": 2179, "fields": {"color": 4}}, {"model": "MainCalendar.cell", "pk": 2180, "fields": {"color": 0}}, {"model": "MainCalendar.cell", "pk": 2181, "fields": {"color": 0}}, {"model": "MainCalendar.cell", "pk": 2182, "fields": {"color": 0}}, {"model": "MainCalendar.cell", "pk": 2183, "fields": {"color": 0}}, {"model": "MainCalendar.cell", "pk": 2184, "fields": {"color": 0}}, {"model": "MainCalendar.cell", "pk": 2185, "fields": {"color": 0}}, {"model": "MainCalendar.cell", "pk": 2186, "fields": {"color": 0}}, {"model": "MainCalendar.cell", "pk": 2187, "fields": {"color": 0}}, {"model": "MainCalendar.cell", "pk": 2188, "fields": {"color": 0}}, {"model": "MainCalendar.cell", "pk": 2189, "fields": {"color": 0}}, {"model": "MainCalendar.cell", "pk": 2190, "fields": {"color": 0}}, {"model": "MainCalendar.cell", "pk": 2191, "fields": {"color": 0}}, {"model": "MainCalendar.cell", "pk": 2192, "fields": {"color": 0}}, {"model": "MainCalendar.cell", "pk": 2193, "fields": {"color": 0}}, {"model": "MainCalendar.cell", "pk": 2194, "fields": {"color": 0}}, {"model": "MainCalendar.cell", "pk": 2195, "fields": {"color": 0}}, {"model": "MainCalendar.cell", "pk": 2196, "fields": {"color": 0}}, {"model": "MainCalendar.cell", "pk": 2197, "fields": {"color": 0}}, {"model": "MainCalendar.cell", "pk": 2198, "fields": {"color": 0}}, {"model": "MainCalendar.cell", "pk": 2199, "fields": {"color": 0}}, {"model": "MainCalendar.cell", "pk": 2200, "fields": {"color": 0}}, {"model": "MainCalendar.cell", "pk": 2201, "fields": {"color": 0}}, {"model": "MainCalendar.cell", "pk": 2202, "fields": {"color": 0}}, {"model": "MainCalendar.cell", "pk": 2203, "fields": {"color": 0}}, {"model": "MainCalendar.cell", "pk": 2204, "fields": {"color": 0}}, {"model": "MainCalendar.cell", "pk": 2205, "fields": {"color": 0}}, {"model": "MainCalendar.cell", "pk": 2206, "fields": {"color": 0}}, {"model": "MainCalendar.cell", "pk": 2207, "fields": {"color": 0}}, {"model": "MainCalendar.cell", "pk": 2208, "fields": {"color": 0}}, {"model": "MainCalendar.cell", "pk": 2209, "fields": {"color": 0}}, {"model": "MainCalendar.cell", "pk": 2210, "fields": {"color": 0}}, {"model": "MainCalendar.cell", "pk": 2211, "fields": {"color": 0}}, {"model": "MainCalendar.cell", "pk": 2212, "fields": {"color": 0}}, {"model": "MainCalendar.cell", "pk": 2213, "fields": {"color": 0}}, {"model": "MainCalendar.cell", "pk": 2214, "fields": {"color": 0}}, {"model": "MainCalendar.cell", "pk": 2215, "fields": {"color": 0}}, {"model": "MainCalendar.cell", "pk": 2216, "fields": {"color": 0}}, {"model": "MainCalendar.cell", "pk": 2217, "fields": {"color": 0}}, {"model": "MainCalendar.cell", "pk": 2218, "fields": {"color": 0}}, {"model": "MainCalendar.cell", "pk": 2219, "fields": {"color": 0}}, {"model": "MainCalendar.cell", "pk": 2220, "fields": {"color": 0}}, {"model": "MainCalendar.cell", "pk": 2221, "fields": {"color": 1}}, {"model": "MainCalendar.cell", "pk": 2222, "fields": {"color": 1}}, {"model": "MainCalendar.cell", "pk": 2223, "fields": {"color": 1}}, {"model": "MainCalendar.cell", "pk": 2224, "fields": {"color": 2}}, {"model": "MainCalendar.cell", "pk": 2225, "fields": {"color": 2}}, {"model": "MainCalendar.cell", "pk": 2226, "fields": {"color": 1}}, {"model": "MainCalendar.cell", "pk": 2227, "fields": {"color": 2}}, {"model": "MainCalendar.cell", "pk": 2228, "fields": {"color": 2}}, {"model": "MainCalendar.cell", "pk": 2229, "fields": {"color": 4}}, {"model": "MainCalendar.cell", "pk": 2230, "fields": {"color": 4}}, {"model": "MainCalendar.cell", "pk": 2231, "fields": {"color": 1}}, {"model": "MainCalendar.cell", "pk": 2232, "fields": {"color": 2}}, {"model": "MainCalendar.cell", "pk": 2233, "fields": {"color": 6}}, {"model": "MainCalendar.cell", "pk": 2234, "fields": {"color": 8}}, {"model": "MainCalendar.cell", "pk": 2235, "fields": {"color": 4}}, {"model": "MainCalendar.cell", "pk": 2236, "fields": {"color": 10}}, {"model": "MainCalendar.cell", "pk": 2237, "fields": {"color": 8}}, {"model": "MainCalendar.cell", "pk": 2238, "fields": {"color": 8}}, {"model": "MainCalendar.cell", "pk": 2239, "fields": {"color": 10}}, {"model": "MainCalendar.cell", "pk": 2240, "fields": {"color": 12}}, {"model": "MainCalendar.cell", "pk": 2241, "fields": {"color": 9}}, {"model": "MainCalendar.cell", "pk": 2242, "fields": {"color": 11}}, {"model": "MainCalendar.cell", "pk": 2243, "fields": {"color": 5}}, {"model": "MainCalendar.cell", "pk": 2244, "fields": {"color": 9}}, {"model": "MainCalendar.cell", "pk": 2245, "fields": {"color": 10}}, {"model": "MainCalendar.cell", "pk": 2246, "fields": {"color": 12}}, {"model": "MainCalendar.cell", "pk": 2247, "fields": {"color": 9}}, {"model": "MainCalendar.cell", "pk": 2248, "fields": {"color": 11}}, {"model": "MainCalendar.cell", "pk": 2249, "fields": {"color": 5}}, {"model": "MainCalendar.cell", "pk": 2250, "fields": {"color": 9}}, {"model": "MainCalendar.cell", "pk": 2251, "fields": {"color": 1}}, {"model": "MainCalendar.cell", "pk": 2252, "fields": {"color": 1}}, {"model": "MainCalendar.cell", "pk": 2253, "fields": {"color": 1}}, {"model": "MainCalendar.cell", "pk": 2254, "fields": {"color": 2}}, {"model": "MainCalendar.cell", "pk": 2255, "fields": {"color": 2}}, {"model": "MainCalendar.cell", "pk": 2256, "fields": {"color": 1}}, {"model": "MainCalendar.cell", "pk": 2257, "fields": {"color": 2}}, {"model": "MainCalendar.cell", "pk": 2258, "fields": {"color": 2}}, {"model": "MainCalendar.cell", "pk": 2259, "fields": {"color": 4}}, {"model": "MainCalendar.cell", "pk": 2260, "fields": {"color": 4}}, {"model": "MainCalendar.cell", "pk": 2261, "fields": {"color": 1}}, {"model": "MainCalendar.cell", "pk": 2262, "fields": {"color": 2}}, {"model": "MainCalendar.cell", "pk": 2263, "fields": {"color": 6}}, {"model": "MainCalendar.cell", "pk": 2264, "fields": {"color": 8}}, {"model": "MainCalendar.cell", "pk": 2265, "fields": {"color": 4}}, {"model": "MainCalendar.cell", "pk": 2266, "fields": {"color": 10}}, {"model": "MainCalendar.cell", "pk": 2267, "fields": {"color": 8}}, {"model": "MainCalendar.cell", "pk": 2268, "fields": {"color": 8}}, {"model": "MainCalendar.cell", "pk": 2269, "fields": {"color": 10}}, {"model": "MainCalendar.cell", "pk": 2270, "fields": {"color": 12}}, {"model": "MainCalendar.cell", "pk": 2271, "fields": {"color": 9}}, {"model": "MainCalendar.cell", "pk": 2272, "fields": {"color": 11}}, {"model": "MainCalendar.cell", "pk": 2273, "fields": {"color": 5}}, {"model": "MainCalendar.cell", "pk": 2274, "fields": {"color": 9}}, {"model": "MainCalendar.cell", "pk": 2275, "fields": {"color": 10}}, {"model": "MainCalendar.cell", "pk": 2276, "fields": {"color": 12}}, {"model": "MainCalendar.cell", "pk": 2277, "fields": {"color": 9}}, {"model": "MainCalendar.cell", "pk": 2278, "fields": {"color": 11}}, {"model": "MainCalendar.cell", "pk": 2279, "fields": {"color": 5}}, {"model": "MainCalendar.cell", "pk": 2280, "fields": {"color": 9}}, {"model": "MainCalendar.cell", "pk": 2281, "fields": {"color": 0}}, {"model": "MainCalendar.cell", "pk": 2282, "fields": {"color": 0}}, {"model": "MainCalendar.cell", "pk": 2283, "fields": {"color": 0}}, {"model": "MainCalendar.cell", "pk": 2284, "fields": {"color": 0}}, {"model": "MainCalendar.cell", "pk": 2285, "fields": {"color": 0}}, {"model": "MainCalendar.cell", "pk": 2286, "fields": {"color": 0}}, {"model": "MainCalendar.cell", "pk": 2287, "fields": {"color": 0}}, {"model": "MainCalendar.cell", "pk": 2288, "fields": {"color": 0}}, {"model": "MainCalendar.cell", "pk": 2289, "fields": {"color": 0}}, {"model": "MainCalendar.cell", "pk": 2290, "fields": {"color": 0}}, {"model": "MainCalendar.cell", "pk": 2291, "fields": {"color": 0}}, {"model": "MainCalendar.cell", "pk": 2292, "fields": {"color": 0}}, {"model": "MainCalendar.cell", "pk": 2293, "fields": {"color": 0}}, {"model": "MainCalendar.cell", "pk": 2294, "fields": {"color": 0}}, {"model": "MainCalendar.cell", "pk": 2295, "fields": {"color": 0}}, {"model": "MainCalendar.cell", "pk": 2296, "fields": {"color": 0}}, {"model": "MainCalendar.cell", "pk": 2297, "fields": {"color": 0}}, {"model": "MainCalendar.cell", "pk": 2298, "fields": {"color": 0}}, {"model": "MainCalendar.cell", "pk": 2299, "fields": {"color": 0}}, {"model": "MainCalendar.cell", "pk": 2300, "fields": {"color": 0}}, {"model": "MainCalendar.cell", "pk": 2301, "fields": {"color": 0}}, {"model": "MainCalendar.cell", "pk": 2302, "fields": {"color": 0}}, {"model": "MainCalendar.cell", "pk": 2303, "fields": {"color": 0}}, {"model": "MainCalendar.cell", "pk": 2304, "fields": {"color": 0}}, {"model": "MainCalendar.cell", "pk": 2305, "fields": {"color": 0}}, {"model": "MainCalendar.cell", "pk": 2306, "fields": {"color": 0}}, {"model": "MainCalendar.cell", "pk": 2307, "fields": {"color": 0}}, {"model": "MainCalendar.cell", "pk": 2308, "fields": {"color": 0}}, {"model": "MainCalendar.cell", "pk": 2309, "fields": {"color": 0}}, {"model": "MainCalendar.cell", "pk": 2310, "fields": {"color": 0}}, {"model": "MainCalendar.cell", "pk": 2311, "fields": {"color": 0}}, {"model": "MainCalendar.cell", "pk": 2312, "fields": {"color": 0}}, {"model": "MainCalendar.cell", "pk": 2313, "fields": {"color": 0}}, {"model": "MainCalendar.cell", "pk": 2314, "fields": {"color": 0}}, {"model": "MainCalendar.cell", "pk": 2315, "fields": {"color": 0}}, {"model": "MainCalendar.cell", "pk": 2316, "fields": {"color": 0}}, {"model": "MainCalendar.cell", "pk": 2317, "fields": {"color": 0}}, {"model": "MainCalendar.cell", "pk": 2318, "fields": {"color": 0}}, {"model": "MainCalendar.cell", "pk": 2319, "fields": {"color": 0}}, {"model": "MainCalendar.cell", "pk": 2320, "fields": {"color": 0}}, {"model": "MainCalendar.cell", "pk": 2321, "fields": {"color": 0}}, {"model": "MainCalendar.cell", "pk": 2322, "fields": {"color": 0}}, {"model": "MainCalendar.cell", "pk": 2323, "fields": {"color": 0}}, {"model": "MainCalendar.cell", "pk": 2324, "fields": {"color": 0}}, {"model": "MainCalendar.cell", "pk": 2325, "fields": {"color": 0}}, {"model": "MainCalendar.cell", "pk": 2326, "fields": {"color": 0}}, {"model": "MainCalendar.cell", "pk": 2327, "fields": {"color": 0}}, {"model": "MainCalendar.cell", "pk": 2328, "fields": {"color": 0}}, {"model": "MainCalendar.cell", "pk": 2329, "fields": {"color": 0}}, {"model": "MainCalendar.cell", "pk": 2330, "fields": {"color": 0}}, {"model": "MainCalendar.cell", "pk": 2331, "fields": {"color": 0}}, {"model": "MainCalendar.cell", "pk": 2332, "fields": {"color": 0}}, {"model": "MainCalendar.cell", "pk": 2333, "fields": {"color": 0}}, {"model": "MainCalendar.cell", "pk": 2334, "fields": {"color": 0}}, {"model": "MainCalendar.cell", "pk": 2335, "fields": {"color": 0}}, {"model": "MainCalendar.cell", "pk": 2336, "fields": {"color": 0}}, {"model": "MainCalendar.cell", "pk": 2337, "fields": {"color": 0}}, {"model": "MainCalendar.cell", "pk": 2338, "fields": {"color": 0}}, {"model": "MainCalendar.cell", "pk": 2339, "fields": {"color": 0}}, {"model": "MainCalendar.cell", "pk": 2340, "fields": {"color": 0}}, {"model": "MainCalendar.cell", "pk": 2341, "fields": {"color": 9}}, {"model": "MainCalendar.cell", "pk": 2342, "fields": {"color": 9}}, {"model": "MainCalendar.cell", "pk": 2343, "fields": {"color": 9}}, {"model": "MainCalendar.cell", "pk": 2344, "fields": {"color": 9}}, {"model": "MainCalendar.cell", "pk": 2345, "fields": {"color": 9}}, {"model": "MainCalendar.cell", "pk": 2346, "fields": {"color": 9}}, {"model": "MainCalendar.cell", "pk": 2347, "fields": {"color": 1}}, {"model": "MainCalendar.cell", "pk": 2348, "fields": {"color": 3}}, {"model": "MainCalendar.cell", "pk": 2349, "fields": {"color": 4}}, {"model": "MainCalendar.cell", "pk": 2350, "fields": {"color": 5}}, {"model": "MainCalendar.cell", "pk": 2351, "fields": {"color": 2}}, {"model": "MainCalendar.cell", "pk": 2352, "fields": {"color": 5}}, {"model": "MainCalendar.cell", "pk": 2353, "fields": {"color": 6}}, {"model": "MainCalendar.cell", "pk": 2354, "fields": {"color": 4}}, {"model": "MainCalendar.cell", "pk": 2355, "fields": {"color": 5}}, {"model": "MainCalendar.cell", "pk": 2356, "fields": {"color": 6}}, {"model": "MainCalendar.cell", "pk": 2357, "fields": {"color": 7}}, {"model": "MainCalendar.cell", "pk": 2358, "fields": {"color": 4}}, {"model": "MainCalendar.cell", "pk": 2359, "fields": {"color": 3}}, {"model": "MainCalendar.cell", "pk": 2360, "fields": {"color": 3}}, {"model": "MainCalendar.cell", "pk": 2361, "fields": {"color": 1}}, {"model": "MainCalendar.cell", "pk": 2362, "fields": {"color": 2}}, {"model": "MainCalendar.cell", "pk": 2363, "fields": {"color": 2}}, {"model": "MainCalendar.cell", "pk": 2364, "fields": {"color": 2}}, {"model": "MainCalendar.cell", "pk": 2365, "fields": {"color": 2}}, {"model": "MainCalendar.cell", "pk": 2366, "fields": {"color": 2}}, {"model": "MainCalendar.cell", "pk": 2367, "fields": {"color": 1}}, {"model": "MainCalendar.cell", "pk": 2368, "fields": {"color": 1}}, {"model": "MainCalendar.cell", "pk": 2369, "fields": {"color": 3}}, {"model": "MainCalendar.cell", "pk": 2370, "fields": {"color": 5}}, {"model": "MainCalendar.cell", "pk": 2371, "fields": {"color": 11}}, {"model": "MainCalendar.cell", "pk": 2372, "fields": {"color": 11}}, {"model": "MainCalendar.cell", "pk": 2373, "fields": {"color": 11}}, {"model": "MainCalendar.cell", "pk": 2374, "fields": {"color": 11}}, {"model": "MainCalendar.cell", "pk": 2375, "fields": {"color": 11}}, {"model": "MainCalendar.cell", "pk": 2376, "fields": {"color": 11}}, {"model": "MainCalendar.cell", "pk": 2377, "fields": {"color": 3}}, {"model": "MainCalendar.cell", "pk": 2378, "fields": {"color": 6}}, {"model": "MainCalendar.cell", "pk": 2379, "fields": {"color": 4}}, {"model": "MainCalendar.cell", "pk": 2380, "fields": {"color": 6}}, {"model": "MainCalendar.cell", "pk": 2381, "fields": {"color": 3}}, {"model": "MainCalendar.cell", "pk": 2382, "fields": {"color": 4}}, {"model": "MainCalendar.cell", "pk": 2383, "fields": {"color": 4}}, {"model": "MainCalendar.cell", "pk": 2384, "fields": {"color": 3}}, {"model": "MainCalendar.cell", "pk": 2385, "fields": {"color": 3}}, {"model": "MainCalendar.cell", "pk": 2386, "fields": {"color": 4}}, {"model": "MainCalendar.cell", "pk": 2387, "fields": {"color": 11}}, {"model": "MainCalendar.cell", "pk": 2388, "fields": {"color": 0}}, {"model": "MainCalendar.cell", "pk": 2389, "fields": {"color": 3}}, {"model": "MainCalendar.cell", "pk": 2390, "fields": {"color": 3}}, {"model": "MainCalendar.cell", "pk": 2391, "fields": {"color": 4}}, {"model": "MainCalendar.cell", "pk": 2392, "fields": {"color": 3}}, {"model": "MainCalendar.cell", "pk": 2393, "fields": {"color": 3}}, {"model": "MainCalendar.cell", "pk": 2394, "fields": {"color": 0}}, {"model": "MainCalendar.cell", "pk": 2395, "fields": {"color": 5}}, {"model": "MainCalendar.cell", "pk": 2396, "fields": {"color": 4}}, {"model": "MainCalendar.cell", "pk": 2397, "fields": {"color": 2}}, {"model": "MainCalendar.cell", "pk": 2398, "fields": {"color": 0}}, {"model": "MainCalendar.cell", "pk": 2399, "fields": {"color": 0}}, {"model": "MainCalendar.cell", "pk": 2400, "fields": {"color": 0}}, {"model": "MainCalendar.cell", "pk": 2401, "fields": {"color": 9}}, {"model": "MainCalendar.cell", "pk": 2402, "fields": {"color": 9}}, {"model": "MainCalendar.cell", "pk": 2403, "fields": {"color": 9}}, {"model": "MainCalendar.cell", "pk": 2404, "fields": {"color": 9}}, {"model": "MainCalendar.cell", "pk": 2405, "fields": {"color": 9}}, {"model": "MainCalendar.cell", "pk": 2406, "fields": {"color": 0}}, {"model": "MainCalendar.cell", "pk": 2407, "fields": {"color": 1}}, {"model": "MainCalendar.cell", "pk": 2408, "fields": {"color": 1}}, {"model": "MainCalendar.cell", "pk": 2409, "fields": {"color": 2}}, {"model": "MainCalendar.cell", "pk": 2410, "fields": {"color": 2}}, {"model": "MainCalendar.cell", "pk": 2411, "fields": {"color": 3}}, {"model": "MainCalendar.cell", "pk": 2412, "fields": {"color": 0}}, {"model": "MainCalendar.cell", "pk": 2413, "fields": {"color": 4}}, {"model": "MainCalendar.cell", "pk": 2414, "fields": {"color": 4}}, {"model": "MainCalendar.cell", "pk": 2415, "fields": {"color": 5}}, {"model": "MainCalendar.cell", "pk": 2416, "fields": {"color": 5}}, {"model": "MainCalendar.cell", "pk": 2417, "fields": {"color": 6}}, {"model": "MainCalendar.cell", "pk": 2418, "fields": {"color": 0}}, {"model": "MainCalendar.cell", "pk": 2419, "fields": {"color": 3}}, {"model": "MainCalendar.cell", "pk": 2420, "fields": {"color": 4}}, {"model": "MainCalendar.cell", "pk": 2421, "fields": {"color": 7}}, {"model": "MainCalendar.cell", "pk": 2422, "fields": {"color": 8}}, {"model": "MainCalendar.cell", "pk": 2423, "fields": {"color": 4}}, {"model": "MainCalendar.cell", "pk": 2424, "fields": {"color": 0}}, {"model": "MainCalendar.cell", "pk": 2425, "fields": {"color": 4}}, {"model": "MainCalendar.cell", "pk": 2426, "fields": {"color": 5}}, {"model": "MainCalendar.cell", "pk": 2427, "fields": {"color": 6}}, {"model": "MainCalendar.cell", "pk": 2428, "fields": {"color": 5}}, {"model": "MainCalendar.cell", "pk": 2429, "fields": {"color": 8}}, {"model": "MainCalendar.cell", "pk": 2430, "fields": {"color": 0}}, {"model": "MainCalendar.cell", "pk": 2431, "fields": {"color": 2}}, {"model": "MainCalendar.cell", "pk": 2432, "fields": {"color": 7}}, {"model": "MainCalendar.cell", "pk": 2433, "fields": {"color": 3}}, {"model": "MainCalendar.cell", "pk": 2434, "fields": {"color": 5}}, {"model": "MainCalendar.cell", "pk": 2435, "fields": {"color": 6}}, {"model": "MainCalendar.cell", "pk": 2436, "fields": {"color": 0}}, {"model": "MainCalendar.cell", "pk": 2437, "fields": {"color": 3}}, {"model": "MainCalendar.cell", "pk": 2438, "fields": {"color": 8}}, {"model": "MainCalendar.cell", "pk": 2439, "fields": {"color": 4}}, {"model": "MainCalendar.cell", "pk": 2440, "fields": {"color": 2}}, {"model": "MainCalendar.cell", "pk": 2441, "fields": {"color": 4}}, {"model": "MainCalendar.cell", "pk": 2442, "fields": {"color": 0}}, {"model": "MainCalendar.cell", "pk": 2443, "fields": {"color": 3}}, {"model": "MainCalendar.cell", "pk": 2444, "fields": {"color": 2}}, {"model": "MainCalendar.cell", "pk": 2445, "fields": {"color": 5}}, {"model": "MainCalendar.cell", "pk": 2446, "fields": {"color": 4}}, {"model": "MainCalendar.cell", "pk": 2447, "fields": {"color": 4}}, {"model": "MainCalendar.cell", "pk": 2448, "fields": {"color": 0}}, {"model": "MainCalendar.cell", "pk": 2449, "fields": {"color": 5}}, {"model": "MainCalendar.cell", "pk": 2450, "fields": {"color": 5}}, {"model": "MainCalendar.cell", "pk": 2451, "fields": {"color": 5}}, {"model": "MainCalendar.cell", "pk": 2452, "fields": {"color": 4}}, {"model": "MainCalendar.cell", "pk": 2453, "fields": {"color": 2}}, {"model": "MainCalendar.cell", "pk": 2454, "fields": {"color": 0}}, {"model": "MainCalendar.cell", "pk": 2455, "fields": {"color": 0}}, {"model": "MainCalendar.cell", "pk": 2456, "fields": {"color": 0}}, {"model": "MainCalendar.cell", "pk": 2457, "fields": {"color": 8}}, {"model": "MainCalendar.cell", "pk": 2458, "fields": {"color": 0}}, {"model": "MainCalendar.cell", "pk": 2459, "fields": {"color": 0}}, {"model": "MainCalendar.cell", "pk": 2460, "fields": {"color": 0}}]