[{"model": "MainCalendar.weektemplate", "pk": 1, "fields": {"name": "Week 0", "cells": [1, 2, 3, 4, 5, 6, 7, 8, 9, 10, 11, 12, 13, 14, 15, 16, 17, 18, 19, 20, 21, 22, 23, 24, 25, 26, 27, 28, 29, 30, 31, 32, 33, 34, 35, 36, 37, 38, 39, 40, 41, 42, 43, 44, 45, 46, 47, 48, 49, 50, 51, 52, 53, 54, 55, 56, 57, 58, 59, 60, 61, 62, 63, 64, 65, 66, 67, 68, 69, 70, 71, 72, 73, 74, 75, 76, 77, 78, 79, 80, 81, 82, 83, 84, 85, 86, 87, 88, 89, 90, 91, 92, 93, 94, 95, 96, 97, 98, 99, 100, 101, 102, 103, 104, 105, 106, 107, 108, 109, 110, 111, 112, 113, 114, 115, 116, 117, 118, 119, 120]}}, {"model": "MainCalendar.weektemplate", "pk": 2, "fields": {"name": "Week 1", "cells": [121, 122, 123, 124, 125, 126, 127, 128, 129, 130, 131, 132, 133, 134, 135, 136, 137, 138, 139, 140, 141, 142, 143, 144, 145, 146, 147, 148, 149, 150, 151, 152, 153, 154, 155, 156, 157, 158, 159, 160, 161, 162, 163, 164, 165, 166, 167, 168, 169, 170, 171, 172, 173, 174, 175, 176, 177, 178, 179, 180, 181, 182, 183, 184, 185, 186, 187, 188, 189, 190, 191, 192, 193, 194, 195, 196, 197, 198, 199, 200, 201, 202, 203, 204, 205, 206, 207, 208, 209, 210, 211, 212, 213, 214, 215, 216, 217, 218, 219, 220, 221, 222, 223, 224, 225, 226, 227, 228, 229, 230, 231, 232, 233, 234, 235, 236, 237, 238, 239, 240]}}, {"model": "MainCalendar.weektemplate", "pk": 3, "fields": {"name": "Week 0", "cells": [241, 242, 243, 244, 245, 246, 247, 248, 249, 250, 251, 252, 253, 254, 255, 256, 257, 258, 259, 260, 261, 262, 263, 264, 265, 266, 267, 268, 269, 270, 271, 272, 273, 274, 275, 276, 277, 278, 279, 280, 281, 282, 283, 284, 285, 286, 287, 288, 289, 290, 291, 292, 293, 294, 295, 296, 297, 298, 299, 300, 301, 302, 303, 304, 305, 306, 307, 308, 309, 310, 311, 312, 313, 314, 315, 316, 317, 318, 319, 320, 321, 322, 323, 324, 325, 326, 327, 328, 329, 330, 331, 332, 333, 334, 335, 336, 337, 338, 339, 340, 341, 342, 343, 344, 345, 346, 347, 348, 349, 350, 351, 352, 353, 354, 355, 356, 357, 358, 359, 360, 361, 362, 363, 364, 365, 366]}}, {"model": "MainCalendar.weektemplate", "pk": 4, "fields": {"name": "Week 1", "cells": [367, 368, 369, 370, 371, 372, 373, 374, 375, 376, 377, 378, 379, 380, 381, 382, 383, 384, 385, 386, 387, 388, 389, 390, 391, 392, 393, 394, 395, 396, 397, 398, 399, 400, 401, 402, 403, 404, 405, 406, 407, 408, 409, 410, 411, 412, 413, 414, 415, 416, 417, 418, 419, 420, 421, 422, 423, 424, 425, 426, 427, 428, 429, 430, 431, 432, 433, 434, 435, 436, 437, 438, 439, 440, 441, 442, 443, 444, 445, 446, 447, 448, 449, 450, 451, 452, 453, 454, 455, 456, 457, 458, 459, 460, 461, 462, 463, 464, 465, 466, 467, 468, 469, 470, 471, 472, 473, 474, 475, 476, 477, 478, 479, 480, 481, 482, 483, 484, 485, 486, 487, 488, 489, 490, 491, 492]}}, {"model": "MainCalendar.timetabletemplate", "pk": 1, "fields": {"name": "Time Table 1", "interval": 30, "start": "07:00:00", "end": "17:00:00", "weeks": [1, 2]}}, {"model": "MainCalendar.timetabletemplate", "pk": 2, "fields": {"name": "Time Table Template 2", "interval": 30, "start": "07:00:00", "end": "17:30:00", "weeks": [3, 4]}}, {"model": "MainCalendar.cell", "pk": 1, "fields": {"color": 9}}, {"model": "MainCalendar.cell", "pk": 2, "fields": {"color": 9}}, {"model": "MainCalendar.cell", "pk": 3, "fields": {"color": 9}}, {"model": "MainCalendar.cell", "pk": 4, "fields": {"color": 9}}, {"model": "MainCalendar.cell", "pk": 5, "fields": {"color": 9}}, {"model": "MainCalendar.cell", "pk": 6, "fields": {"color": 9}}, {"model": "MainCalendar.cell", "pk": 7, "fields": {"color": 9}}, {"model": "MainCalendar.cell", "pk": 8, "fields": {"color": 9}}, {"model": "MainCalendar.cell", "pk": 9, "fields": {"color": 9}}, {"model": "MainCalendar.cell", "pk": 10, "fields": {"color": 9}}, {"model": "MainCalendar.cell", "pk": 11, "fields": {"color": 9}}, {"model": "MainCalendar.cell", "pk": 12, "fields": {"color": 9}}, {"model": "MainCalendar.cell", "pk": 13, "fields": {"color": 5}}, {"model": "MainCalendar.cell", "pk": 14, "fields": {"color": 2}}, {"model": "MainCalendar.cell", "pk": 15, "fields": {"color": 6}}, {"model": "MainCalendar.cell", "pk": 16, "fields": {"color": 4}}, {"model": "MainCalendar.cell", "pk": 17, "fields": {"color": 3}}, {"model": "MainCalendar.cell", "pk": 18, "fields": {"color": 10}}, {"model": "MainCalendar.cell", "pk": 19, "fields": {"color": 5}}, {"model": "MainCalendar.cell", "pk": 20, "fields": {"color": 2}}, {"model": "MainCalendar.cell", "pk": 21, "fields": {"color": 6}}, {"model": "MainCalendar.cell", "pk": 22, "fields": {"color": 4}}, {"model": "MainCalendar.cell", "pk": 23, "fields": {"color": 3}}, {"model": "MainCalendar.cell", "pk": 24, "fields": {"color": 10}}, {"model": "MainCalendar.cell", "pk": 25, "fields": {"color": 1}}, {"model": "MainCalendar.cell", "pk": 26, "fields": {"color": 5}}, {"model": "MainCalendar.cell", "pk": 27, "fields": {"color": 2}}, {"model": "MainCalendar.cell", "pk": 28, "fields": {"color": 8}}, {"model": "MainCalendar.cell", "pk": 29, "fields": {"color": 4}}, {"model": "MainCalendar.cell", "pk": 30, "fields": {"color": 1}}, {"model": "MainCalendar.cell", "pk": 31, "fields": {"color": 1}}, {"model": "MainCalendar.cell", "pk": 32, "fields": {"color": 5}}, {"model": "MainCalendar.cell", "pk": 33, "fields": {"color": 2}}, {"model": "MainCalendar.cell", "pk": 34, "fields": {"color": 8}}, {"model": "MainCalendar.cell", "pk": 35, "fields": {"color": 4}}, {"model": "MainCalendar.cell", "pk": 36, "fields": {"color": 1}}, {"model": "MainCalendar.cell", "pk": 37, "fields": {"color": 10}}, {"model": "MainCalendar.cell", "pk": 38, "fields": {"color": 10}}, {"model": "MainCalendar.cell", "pk": 39, "fields": {"color": 10}}, {"model": "MainCalendar.cell", "pk": 40, "fields": {"color": 10}}, {"model": "MainCalendar.cell", "pk": 41, "fields": {"color": 0}}, {"model": "MainCalendar.cell", "pk": 42, "fields": {"color": 3}}, {"model": "MainCalendar.cell", "pk": 43, "fields": {"color": 3}}, {"model": "MainCalendar.cell", "pk": 44, "fields": {"color": 1}}, {"model": "MainCalendar.cell", "pk": 45, "fields": {"color": 5}}, {"model": "MainCalendar.cell", "pk": 46, "fields": {"color": 2}}, {"model": "MainCalendar.cell", "pk": 47, "fields": {"color": 6}}, {"model": "MainCalendar.cell", "pk": 48, "fields": {"color": 3}}, {"model": "MainCalendar.cell", "pk": 49, "fields": {"color": 3}}, {"model": "MainCalendar.cell", "pk": 50, "fields": {"color": 1}}, {"model": "MainCalendar.cell", "pk": 51, "fields": {"color": 5}}, {"model": "MainCalendar.cell", "pk": 52, "fields": {"color": 2}}, {"model": "MainCalendar.cell", "pk": 53, "fields": {"color": 6}}, {"model": "MainCalendar.cell", "pk": 54, "fields": {"color": 4}}, {"model": "MainCalendar.cell", "pk": 55, "fields": {"color": 7}}, {"model": "MainCalendar.cell", "pk": 56, "fields": {"color": 7}}, {"model": "MainCalendar.cell", "pk": 57, "fields": {"color": 7}}, {"model": "MainCalendar.cell", "pk": 58, "fields": {"color": 7}}, {"model": "MainCalendar.cell", "pk": 59, "fields": {"color": 7}}, {"model": "MainCalendar.cell", "pk": 60, "fields": {"color": 4}}, {"model": "MainCalendar.cell", "pk": 61, "fields": {"color": 7}}, {"model": "MainCalendar.cell", "pk": 62, "fields": {"color": 7}}, {"model": "MainCalendar.cell", "pk": 63, "fields": {"color": 7}}, {"model": "MainCalendar.cell", "pk": 64, "fields": {"color": 7}}, {"model": "MainCalendar.cell", "pk": 65, "fields": {"color": 7}}, {"model": "MainCalendar.cell", "pk": 66, "fields": {"color": 5}}, {"model": "MainCalendar.cell", "pk": 67, "fields": {"color": 11}}, {"model": "MainCalendar.cell", "pk": 68, "fields": {"color": 11}}, {"model": "MainCalendar.cell", "pk": 69, "fields": {"color": 11}}, {"model": "MainCalendar.cell", "pk": 70, "fields": {"color": 11}}, {"model": "MainCalendar.cell", "pk": 71, "fields": {"color": 11}}, {"model": "MainCalendar.cell", "pk": 72, "fields": {"color": 5}}, {"model": "MainCalendar.cell", "pk": 73, "fields": {"color": 11}}, {"model": "MainCalendar.cell", "pk": 74, "fields": {"color": 11}}, {"model": "MainCalendar.cell", "pk": 75, "fields": {"color": 11}}, {"model": "MainCalendar.cell", "pk": 76, "fields": {"color": 11}}, {"model": "MainCalendar.cell", "pk": 77, "fields": {"color": 11}}, {"model": "MainCalendar.cell", "pk": 78, "fields": {"color": 11}}, {"model": "MainCalendar.cell", "pk": 79, "fields": {"color": 6}}, {"model": "MainCalendar.cell", "pk": 80, "fields": {"color": 4}}, {"model": "MainCalendar.cell", "pk": 81, "fields": {"color": 3}}, {"model": "MainCalendar.cell", "pk": 82, "fields": {"color": 1}}, {"model": "MainCalendar.cell", "pk": 83, "fields": {"color": 5}}, {"model": "MainCalendar.cell", "pk": 84, "fields": {"color": 11}}, {"model": "MainCalendar.cell", "pk": 85, "fields": {"color": 6}}, {"model": "MainCalendar.cell", "pk": 86, "fields": {"color": 4}}, {"model": "MainCalendar.cell", "pk": 87, "fields": {"color": 3}}, {"model": "MainCalendar.cell", "pk": 88, "fields": {"color": 1}}, {"model": "MainCalendar.cell", "pk": 89, "fields": {"color": 5}}, {"model": "MainCalendar.cell", "pk": 90, "fields": {"color": 0}}, {"model": "MainCalendar.cell", "pk": 91, "fields": {"color": 2}}, {"model": "MainCalendar.cell", "pk": 92, "fields": {"color": 6}}, {"model": "MainCalendar.cell", "pk": 93, "fields": {"color": 4}}, {"model": "MainCalendar.cell", "pk": 94, "fields": {"color": 3}}, {"model": "MainCalendar.cell", "pk": 95, "fields": {"color": 1}}, {"model": "MainCalendar.cell", "pk": 96, "fields": {"color": 0}}, {"model": "MainCalendar.cell", "pk": 97, "fields": {"color": 2}}, {"model": "MainCalendar.cell", "pk": 98, "fields": {"color": 6}}, {"model": "MainCalendar.cell", "pk": 99, "fields": {"color": 4}}, {"model": "MainCalendar.cell", "pk": 100, "fields": {"color": 3}}, {"model": "MainCalendar.cell", "pk": 101, "fields": {"color": 1}}, {"model": "MainCalendar.cell", "pk": 102, "fields": {"color": 0}}, {"model": "MainCalendar.cell", "pk": 103, "fields": {"color": 0}}, {"model": "MainCalendar.cell", "pk": 104, "fields": {"color": 10}}, {"model": "MainCalendar.cell", "pk": 105, "fields": {"color": 10}}, {"model": "MainCalendar.cell", "pk": 106, "fields": {"color": 14}}, {"model": "MainCalendar.cell", "pk": 107, "fields": {"color": 10}}, {"model": "MainCalendar.cell", "pk": 108, "fields": {"color": 0}}, {"model": "MainCalendar.cell", "pk": 109, "fields": {"color": 13}}, {"model": "MainCalendar.cell", "pk": 110, "fields": {"color": 6}}, {"model": "MainCalendar.cell", "pk": 111, "fields": {"color": 0}}, {"model": "MainCalendar.cell", "pk": 112, "fields": {"color": 10}}, {"model": "MainCalendar.cell", "pk": 113, "fields": {"color": 13}}, {"model": "MainCalendar.cell", "pk": 114, "fields": {"color": 0}}, {"model": "MainCalendar.cell", "pk": 115, "fields": {"color": 13}}, {"model": "MainCalendar.cell", "pk": 116, "fields": {"color": 6}}, {"model": "MainCalendar.cell", "pk": 117, "fields": {"color": 13}}, {"model": "MainCalendar.cell", "pk": 118, "fields": {"color": 10}}, {"model": "MainCalendar.cell", "pk": 119, "fields": {"color": 13}}, {"model": "MainCalendar.cell", "pk": 120, "fields": {"color": 0}}, {"model": "MainCalendar.cell", "pk": 121, "fields": {"color": 9}}, {"model": "MainCalendar.cell", "pk": 122, "fields": {"color": 9}}, {"model": "MainCalendar.cell", "pk": 123, "fields": {"color": 9}}, {"model": "MainCalendar.cell", "pk": 124, "fields": {"color": 9}}, {"model": "MainCalendar.cell", "pk": 125, "fields": {"color": 9}}, {"model": "MainCalendar.cell", "pk": 126, "fields": {"color": 0}}, {"model": "MainCalendar.cell", "pk": 127, "fields": {"color": 9}}, {"model": "MainCalendar.cell", "pk": 128, "fields": {"color": 9}}, {"model": "MainCalendar.cell", "pk": 129, "fields": {"color": 9}}, {"model": "MainCalendar.cell", "pk": 130, "fields": {"color": 9}}, {"model": "MainCalendar.cell", "pk": 131, "fields": {"color": 9}}, {"model": "MainCalendar.cell", "pk": 132, "fields": {"color": 0}}, {"model": "MainCalendar.cell", "pk": 133, "fields": {"color": 5}}, {"model": "MainCalendar.cell", "pk": 134, "fields": {"color": 2}}, {"model": "MainCalendar.cell", "pk": 135, "fields": {"color": 6}}, {"model": "MainCalendar.cell", "pk": 136, "fields": {"color": 4}}, {"model": "MainCalendar.cell", "pk": 137, "fields": {"color": 3}}, {"model": "MainCalendar.cell", "pk": 138, "fields": {"color": 0}}, {"model": "MainCalendar.cell", "pk": 139, "fields": {"color": 5}}, {"model": "MainCalendar.cell", "pk": 140, "fields": {"color": 2}}, {"model": "MainCalendar.cell", "pk": 141, "fields": {"color": 6}}, {"model": "MainCalendar.cell", "pk": 142, "fields": {"color": 4}}, {"model": "MainCalendar.cell", "pk": 143, "fields": {"color": 3}}, {"model": "MainCalendar.cell", "pk": 144, "fields": {"color": 0}}, {"model": "MainCalendar.cell", "pk": 145, "fields": {"color": 1}}, {"model": "MainCalendar.cell", "pk": 146, "fields": {"color": 5}}, {"model": "MainCalendar.cell", "pk": 147, "fields": {"color": 2}}, {"model": "MainCalendar.cell", "pk": 148, "fields": {"color": 8}}, {"model": "MainCalendar.cell", "pk": 149, "fields": {"color": 4}}, {"model": "MainCalendar.cell", "pk": 150, "fields": {"color": 0}}, {"model": "MainCalendar.cell", "pk": 151, "fields": {"color": 1}}, {"model": "MainCalendar.cell", "pk": 152, "fields": {"color": 5}}, {"model": "MainCalendar.cell", "pk": 153, "fields": {"color": 2}}, {"model": "MainCalendar.cell", "pk": 154, "fields": {"color": 8}}, {"model": "MainCalendar.cell", "pk": 155, "fields": {"color": 4}}, {"model": "MainCalendar.cell", "pk": 156, "fields": {"color": 0}}, {"model": "MainCalendar.cell", "pk": 157, "fields": {"color": 10}}, {"model": "MainCalendar.cell", "pk": 158, "fields": {"color": 10}}, {"model": "MainCalendar.cell", "pk": 159, "fields": {"color": 10}}, {"model": "MainCalendar.cell", "pk": 160, "fields": {"color": 10}}, {"model": "MainCalendar.cell", "pk": 161, "fields": {"color": 0}}, {"model": "MainCalendar.cell", "pk": 162, "fields": {"color": 0}}, {"model": "MainCalendar.cell", "pk": 163, "fields": {"color": 3}}, {"model": "MainCalendar.cell", "pk": 164, "fields": {"color": 1}}, {"model": "MainCalendar.cell", "pk": 165, "fields": {"color": 5}}, {"model": "MainCalendar.cell", "pk": 166, "fields": {"color": 2}}, {"model": "MainCalendar.cell", "pk": 167, "fields": {"color": 6}}, {"model": "MainCalendar.cell", "pk": 168, "fields": {"color": 0}}, {"model": "MainCalendar.cell", "pk": 169, "fields": {"color": 3}}, {"model": "MainCalendar.cell", "pk": 170, "fields": {"color": 1}}, {"model": "MainCalendar.cell", "pk": 171, "fields": {"color": 5}}, {"model": "MainCalendar.cell", "pk": 172, "fields": {"color": 2}}, {"model": "MainCalendar.cell", "pk": 173, "fields": {"color": 6}}, {"model": "MainCalendar.cell", "pk": 174, "fields": {"color": 0}}, {"model": "MainCalendar.cell", "pk": 175, "fields": {"color": 7}}, {"model": "MainCalendar.cell", "pk": 176, "fields": {"color": 7}}, {"model": "MainCalendar.cell", "pk": 177, "fields": {"color": 7}}, {"model": "MainCalendar.cell", "pk": 178, "fields": {"color": 7}}, {"model": "MainCalendar.cell", "pk": 179, "fields": {"color": 7}}, {"model": "MainCalendar.cell", "pk": 180, "fields": {"color": 0}}, {"model": "MainCalendar.cell", "pk": 181, "fields": {"color": 7}}, {"model": "MainCalendar.cell", "pk": 182, "fields": {"color": 7}}, {"model": "MainCalendar.cell", "pk": 183, "fields": {"color": 7}}, {"model": "MainCalendar.cell", "pk": 184, "fields": {"color": 7}}, {"model": "MainCalendar.cell", "pk": 185, "fields": {"color": 7}}, {"model": "MainCalendar.cell", "pk": 186, "fields": {"color": 0}}, {"model": "MainCalendar.cell", "pk": 187, "fields": {"color": 11}}, {"model": "MainCalendar.cell", "pk": 188, "fields": {"color": 11}}, {"model": "MainCalendar.cell", "pk": 189, "fields": {"color": 11}}, {"model": "MainCalendar.cell", "pk": 190, "fields": {"color": 11}}, {"model": "MainCalendar.cell", "pk": 191, "fields": {"color": 11}}, {"model": "MainCalendar.cell", "pk": 192, "fields": {"color": 0}}, {"model": "MainCalendar.cell", "pk": 193, "fields": {"color": 11}}, {"model": "MainCalendar.cell", "pk": 194, "fields": {"color": 11}}, {"model": "MainCalendar.cell", "pk": 195, "fields": {"color": 11}}, {"model": "MainCalendar.cell", "pk": 196, "fields": {"color": 11}}, {"model": "MainCalendar.cell", "pk": 197, "fields": {"color": 11}}, {"model": "MainCalendar.cell", "pk": 198, "fields": {"color": 0}}, {"model": "MainCalendar.cell", "pk": 199, "fields": {"color": 6}}, {"model": "MainCalendar.cell", "pk": 200, "fields": {"color": 4}}, {"model": "MainCalendar.cell", "pk": 201, "fields": {"color": 3}}, {"model": "MainCalendar.cell", "pk": 202, "fields": {"color": 1}}, {"model": "MainCalendar.cell", "pk": 203, "fields": {"color": 5}}, {"model": "MainCalendar.cell", "pk": 204, "fields": {"color": 0}}, {"model": "MainCalendar.cell", "pk": 205, "fields": {"color": 6}}, {"model": "MainCalendar.cell", "pk": 206, "fields": {"color": 4}}, {"model": "MainCalendar.cell", "pk": 207, "fields": {"color": 3}}, {"model": "MainCalendar.cell", "pk": 208, "fields": {"color": 1}}, {"model": "MainCalendar.cell", "pk": 209, "fields": {"color": 5}}, {"model": "MainCalendar.cell", "pk": 210, "fields": {"color": 0}}, {"model": "MainCalendar.cell", "pk": 211, "fields": {"color": 2}}, {"model": "MainCalendar.cell", "pk": 212, "fields": {"color": 6}}, {"model": "MainCalendar.cell", "pk": 213, "fields": {"color": 4}}, {"model": "MainCalendar.cell", "pk": 214, "fields": {"color": 3}}, {"model": "MainCalendar.cell", "pk": 215, "fields": {"color": 1}}, {"model": "MainCalendar.cell", "pk": 216, "fields": {"color": 0}}, {"model": "MainCalendar.cell", "pk": 217, "fields": {"color": 2}}, {"model": "MainCalendar.cell", "pk": 218, "fields": {"color": 6}}, {"model": "MainCalendar.cell", "pk": 219, "fields": {"color": 4}}, {"model": "MainCalendar.cell", "pk": 220, "fields": {"color": 3}}, {"model": "MainCalendar.cell", "pk": 221, "fields": {"color": 1}}, {"model": "MainCalendar.cell", "pk": 222, "fields": {"color": 0}}, {"model": "MainCalendar.cell", "pk": 223, "fields": {"color": 0}}, {"model": "MainCalendar.cell", "pk": 224, "fields": {"color": 10}}, {"model": "MainCalendar.cell", "pk": 225, "fields": {"color": 10}}, {"model": "MainCalendar.cell", "pk": 226, "fields": {"color": 14}}, {"model": "MainCalendar.cell", "pk": 227, "fields": {"color": 10}}, {"model": "MainCalendar.cell", "pk": 228, "fields": {"color": 0}}, {"model": "MainCalendar.cell", "pk": 229, "fields": {"color": 13}}, {"model": "MainCalendar.cell", "pk": 230, "fields": {"color": 6}}, {"model": "MainCalendar.cell", "pk": 231, "fields": {"color": 0}}, {"model": "MainCalendar.cell", "pk": 232, "fields": {"color": 10}}, {"model": "MainCalendar.cell", "pk": 233, "fields": {"color": 13}}, {"model": "MainCalendar.cell", "pk": 234, "fields": {"color": 0}}, {"model": "MainCalendar.cell", "pk": 235, "fields": {"color": 13}}, {"model": "MainCalendar.cell", "pk": 236, "fields": {"color": 6}}, {"model": "MainCalendar.cell", "pk": 237, "fields": {"color": 13}}, {"model": "MainCalendar.cell", "pk": 238, "fields": {"color": 10}}, {"model": "MainCalendar.cell", "pk": 239, "fields": {"color": 13}}, {"model": "MainCalendar.cell", "pk": 240, "fields": {"color": 0}}, {"model": "MainCalendar.cell", "pk": 241, "fields": {"color": 9}}, {"model": "MainCalendar.cell", "pk": 242, "fields": {"color": 9}}, {"model": "MainCalendar.cell", "pk": 243, "fields": {"color": 9}}, {"model": "MainCalendar.cell", "pk": 244, "fields": {"color": 9}}, {"model": "MainCalendar.cell", "pk": 245, "fields": {"color": 9}}, {"model": "MainCalendar.cell", "pk": 246, "fields": {"color": 9}}, {"model": "MainCalendar.cell", "pk": 247, "fields": {"color": 9}}, {"model": "MainCalendar.cell", "pk": 248, "fields": {"color": 9}}, {"model": "MainCalendar.cell", "pk": 249, "fields": {"color": 9}}, {"model": "MainCalendar.cell", "pk": 250, "fields": {"color": 9}}, {"model": "MainCalendar.cell", "pk": 251, "fields": {"color": 9}}, {"model": "MainCalendar.cell", "pk": 252, "fields": {"color": 9}}, {"model": "MainCalendar.cell", "pk": 253, "fields": {"color": 5}}, {"model": "MainCalendar.cell", "pk": 254, "fields": {"color": 2}}, {"model": "MainCalendar.cell", "pk": 255, "fields": {"color": 6}}, {"model": "MainCalendar.cell", "pk": 256, "fields": {"color": 4}}, {"model": "MainCalendar.cell", "pk": 257, "fields": {"color": 3}}, {"model": "MainCalendar.cell", "pk": 258, "fields": {"color": 10}}, {"model": "MainCalendar.cell", "pk": 259, "fields": {"color": 5}}, {"model": "MainCalendar.cell", "pk": 260, "fields": {"color": 2}}, {"model": "MainCalendar.cell", "pk": 261, "fields": {"color": 6}}, {"model": "MainCalendar.cell", "pk": 262, "fields": {"color": 4}}, {"model": "MainCalendar.cell", "pk": 263, "fields": {"color": 3}}, {"model": "MainCalendar.cell", "pk": 264, "fields": {"color": 10}}, {"model": "MainCalendar.cell", "pk": 265, "fields": {"color": 1}}, {"model": "MainCalendar.cell", "pk": 266, "fields": {"color": 5}}, {"model": "MainCalendar.cell", "pk": 267, "fields": {"color": 2}}, {"model": "MainCalendar.cell", "pk": 268, "fields": {"color": 8}}, {"model": "MainCalendar.cell", "pk": 269, "fields": {"color": 4}}, {"model": "MainCalendar.cell", "pk": 270, "fields": {"color": 1}}, {"model": "MainCalendar.cell", "pk": 271, "fields": {"color": 1}}, {"model": "MainCalendar.cell", "pk": 272, "fields": {"color": 5}}, {"model": "MainCalendar.cell", "pk": 273, "fields": {"color": 2}}, {"model": "MainCalendar.cell", "pk": 274, "fields": {"color": 8}}, {"model": "MainCalendar.cell", "pk": 275, "fields": {"color": 4}}, {"model": "MainCalendar.cell", "pk": 276, "fields": {"color": 1}}, {"model": "MainCalendar.cell", "pk": 277, "fields": {"color": 10}}, {"model": "MainCalendar.cell", "pk": 278, "fields": {"color": 10}}, {"model": "MainCalendar.cell", "pk": 279, "fields": {"color": 10}}, {"model": "MainCalendar.cell", "pk": 280, "fields": {"color": 10}}, {"model": "MainCalendar.cell", "pk": 281, "fields": {"color": 0}}, {"model": "MainCalendar.cell", "pk": 282, "fields": {"color": 3}}, {"model": "MainCalendar.cell", "pk": 283, "fields": {"color": 3}}, {"model": "MainCalendar.cell", "pk": 284, "fields": {"color": 1}}, {"model": "MainCalendar.cell", "pk": 285, "fields": {"color": 5}}, {"model": "MainCalendar.cell", "pk": 286, "fields": {"color": 2}}, {"model": "MainCalendar.cell", "pk": 287, "fields": {"color": 6}}, {"model": "MainCalendar.cell", "pk": 288, "fields": {"color": 3}}, {"model": "MainCalendar.cell", "pk": 289, "fields": {"color": 3}}, {"model": "MainCalendar.cell", "pk": 290, "fields": {"color": 1}}, {"model": "MainCalendar.cell", "pk": 291, "fields": {"color": 5}}, {"model": "MainCalendar.cell", "pk": 292, "fields": {"color": 2}}, {"model": "MainCalendar.cell", "pk": 293, "fields": {"color": 6}}, {"model": "MainCalendar.cell", "pk": 294, "fields": {"color": 4}}, {"model": "MainCalendar.cell", "pk": 295, "fields": {"color": 4}}, {"model": "MainCalendar.cell", "pk": 296, "fields": {"color": 3}}, {"model": "MainCalendar.cell", "pk": 297, "fields": {"color": 1}}, {"model": "MainCalendar.cell", "pk": 298, "fields": {"color": 5}}, {"model": "MainCalendar.cell", "pk": 299, "fields": {"color": 6}}, {"model": "MainCalendar.cell", "pk": 300, "fields": {"color": 4}}, {"model": "MainCalendar.cell", "pk": 301, "fields": {"color": 4}}, {"model": "MainCalendar.cell", "pk": 302, "fields": {"color": 3}}, {"model": "MainCalendar.cell", "pk": 303, "fields": {"color": 1}}, {"model": "MainCalendar.cell", "pk": 304, "fields": {"color": 5}}, {"model": "MainCalendar.cell", "pk": 305, "fields": {"color": 6}}, {"model": "MainCalendar.cell", "pk": 306, "fields": {"color": 5}}, {"model": "MainCalendar.cell", "pk": 307, "fields": {"color": 11}}, {"model": "MainCalendar.cell", "pk": 308, "fields": {"color": 11}}, {"model": "MainCalendar.cell", "pk": 309, "fields": {"color": 11}}, {"model": "MainCalendar.cell", "pk": 310, "fields": {"color": 11}}, {"model": "MainCalendar.cell", "pk": 311, "fields": {"color": 11}}, {"model": "MainCalendar.cell", "pk": 312, "fields": {"color": 5}}, {"model": "MainCalendar.cell", "pk": 313, "fields": {"color": 11}}, {"model": "MainCalendar.cell", "pk": 314, "fields": {"color": 11}}, {"model": "MainCalendar.cell", "pk": 315, "fields": {"color": 11}}, {"model": "MainCalendar.cell", "pk": 316, "fields": {"color": 11}}, {"model": "MainCalendar.cell", "pk": 317, "fields": {"color": 11}}, {"model": "MainCalendar.cell", "pk": 318, "fields": {"color": 11}}, {"model": "MainCalendar.cell", "pk": 319, "fields": {"color": 6}}, {"model": "MainCalendar.cell", "pk": 320, "fields": {"color": 4}}, {"model": "MainCalendar.cell", "pk": 321, "fields": {"color": 3}}, {"model": "MainCalendar.cell", "pk": 322, "fields": {"color": 1}}, {"model": "MainCalendar.cell", "pk": 323, "fields": {"color": 5}}, {"model": "MainCalendar.cell", "pk": 324, "fields": {"color": 11}}, {"model": "MainCalendar.cell", "pk": 325, "fields": {"color": 6}}, {"model": "MainCalendar.cell", "pk": 326, "fields": {"color": 4}}, {"model": "MainCalendar.cell", "pk": 327, "fields": {"color": 3}}, {"model": "MainCalendar.cell", "pk": 328, "fields": {"color": 1}}, {"model": "MainCalendar.cell", "pk": 329, "fields": {"color": 5}}, {"model": "MainCalendar.cell", "pk": 330, "fields": {"color": 0}}, {"model": "MainCalendar.cell", "pk": 331, "fields": {"color": 2}}, {"model": "MainCalendar.cell", "pk": 332, "fields": {"color": 6}}, {"model": "MainCalendar.cell", "pk": 333, "fields": {"color": 4}}, {"model": "MainCalendar.cell", "pk": 334, "fields": {"color": 3}}, {"model": "MainCalendar.cell", "pk": 335, "fields": {"color": 1}}, {"model": "MainCalendar.cell", "pk": 336, "fields": {"color": 0}}, {"model": "MainCalendar.cell", "pk": 337, "fields": {"color": 2}}, {"model": "MainCalendar.cell", "pk": 338, "fields": {"color": 6}}, {"model": "MainCalendar.cell", "pk": 339, "fields": {"color": 4}}, {"model": "MainCalendar.cell", "pk": 340, "fields": {"color": 3}}, {"model": "MainCalendar.cell", "pk": 341, "fields": {"color": 1}}, {"model": "MainCalendar.cell", "pk": 342, "fields": {"color": 0}}, {"model": "MainCalendar.cell", "pk": 343, "fields": {"color": 0}}, {"model": "MainCalendar.cell", "pk": 344, "fields": {"color": 10}}, {"model": "MainCalendar.cell", "pk": 345, "fields": {"color": 10}}, {"model": "MainCalendar.cell", "pk": 346, "fields": {"color": 14}}, {"model": "MainCalendar.cell", "pk": 347, "fields": {"color": 10}}, {"model": "MainCalendar.cell", "pk": 348, "fields": {"color": 0}}, {"model": "MainCalendar.cell", "pk": 349, "fields": {"color": 0}}, {"model": "MainCalendar.cell", "pk": 350, "fields": {"color": 6}}, {"model": "MainCalendar.cell", "pk": 351, "fields": {"color": 0}}, {"model": "MainCalendar.cell", "pk": 352, "fields": {"color": 14}}, {"model": "MainCalendar.cell", "pk": 353, "fields": {"color": 0}}, {"model": "MainCalendar.cell", "pk": 354, "fields": {"color": 0}}, {"model": "MainCalendar.cell", "pk": 355, "fields": {"color": 0}}, {"model": "MainCalendar.cell", "pk": 356, "fields": {"color": 6}}, {"model": "MainCalendar.cell", "pk": 357, "fields": {"color": 0}}, {"model": "MainCalendar.cell", "pk": 358, "fields": {"color": 0}}, {"model": "MainCalendar.cell", "pk": 359, "fields": {"color": 0}}, {"model": "MainCalendar.cell", "pk": 360, "fields": {"color": 0}}, {"model": "MainCalendar.cell", "pk": 361, "fields": {"color": 0}}, {"model": "MainCalendar.cell", "pk": 362, "fields": {"color": 0}}, {"model": "MainCalendar.cell", "pk": 363, "fields": {"color": 0}}, {"model": "MainCalendar.cell", "pk": 364, "fields": {"color": 0}}, {"model": "MainCalendar.cell", "pk": 365, "fields": {"color": 0}}, {"model": "MainCalendar.cell", "pk": 366, "fields": {"color": 0}}, {"model": "MainCalendar.cell", "pk": 367, "fields": {"color": 9}}, {"model": "MainCalendar.cell", "pk": 368, "fields": {"color": 9}}, {"model": "MainCalendar.cell", "pk": 369, "fields": {"color": 9}}, {"model": "MainCalendar.cell", "pk": 370, "fields": {"color": 9}}, {"model": "MainCalendar.cell", "pk": 371, "fields": {"color": 9}}, {"model": "MainCalendar.cell", "pk": 372, "fields": {"color": 0}}, {"model": "MainCalendar.cell", "pk": 373, "fields": {"color": 9}}, {"model": "MainCalendar.cell", "pk": 374, "fields": {"color": 9}}, {"model": "MainCalendar.cell", "pk": 375, "fields": {"color": 9}}, {"model": "MainCalendar.cell", "pk": 376, "fields": {"color": 9}}, {"model": "MainCalendar.cell", "pk": 377, "fields": {"color": 9}}, {"model": "MainCalendar.cell", "pk": 378, "fields": {"color": 0}}, {"model": "MainCalendar.cell", "pk": 379, "fields": {"color": 5}}, {"model": "MainCalendar.cell", "pk": 380, "fields": {"color": 2}}, {"model": "MainCalendar.cell", "pk": 381, "fields": {"color": 6}}, {"model": "MainCalendar.cell", "pk": 382, "fields": {"color": 4}}, {"model": "MainCalendar.cell", "pk": 383, "fields": {"color": 3}}, {"model": "MainCalendar.cell", "pk": 384, "fields": {"color": 0}}, {"model": "MainCalendar.cell", "pk": 385, "fields": {"color": 5}}, {"model": "MainCalendar.cell", "pk": 386, "fields": {"color": 2}}, {"model": "MainCalendar.cell", "pk": 387, "fields": {"color": 6}}, {"model": "MainCalendar.cell", "pk": 388, "fields": {"color": 4}}, {"model": "MainCalendar.cell", "pk": 389, "fields": {"color": 3}}, {"model": "MainCalendar.cell", "pk": 390, "fields": {"color": 0}}, {"model": "MainCalendar.cell", "pk": 391, "fields": {"color": 1}}, {"model": "MainCalendar.cell", "pk": 392, "fields": {"color": 5}}, {"model": "MainCalendar.cell", "pk": 393, "fields": {"color": 2}}, {"model": "MainCalendar.cell", "pk": 394, "fields": {"color": 8}}, {"model": "MainCalendar.cell", "pk": 395, "fields": {"color": 4}}, {"model": "MainCalendar.cell", "pk": 396, "fields": {"color": 0}}, {"model": "MainCalendar.cell", "pk": 397, "fields": {"color": 1}}, {"model": "MainCalendar.cell", "pk": 398, "fields": {"color": 5}}, {"model": "MainCalendar.cell", "pk": 399, "fields": {"color": 2}}, {"model": "MainCalendar.cell", "pk": 400, "fields": {"color": 8}}, {"model": "MainCalendar.cell", "pk": 401, "fields": {"color": 4}}, {"model": "MainCalendar.cell", "pk": 402, "fields": {"color": 0}}, {"model": "MainCalendar.cell", "pk": 403, "fields": {"color": 10}}, {"model": "MainCalendar.cell", "pk": 404, "fields": {"color": 10}}, {"model": "MainCalendar.cell", "pk": 405, "fields": {"color": 10}}, {"model": "MainCalendar.cell", "pk": 406, "fields": {"color": 10}}, {"model": "MainCalendar.cell", "pk": 407, "fields": {"color": 0}}, {"model": "MainCalendar.cell", "pk": 408, "fields": {"color": 0}}, {"model": "MainCalendar.cell", "pk": 409, "fields": {"color": 3}}, {"model": "MainCalendar.cell", "pk": 410, "fields": {"color": 1}}, {"model": "MainCalendar.cell", "pk": 411, "fields": {"color": 5}}, {"model": "MainCalendar.cell", "pk": 412, "fields": {"color": 2}}, {"model": "MainCalendar.cell", "pk": 413, "fields": {"color": 6}}, {"model": "MainCalendar.cell", "pk": 414, "fields": {"color": 0}}, {"model": "MainCalendar.cell", "pk": 415, "fields": {"color": 3}}, {"model": "MainCalendar.cell", "pk": 416, "fields": {"color": 1}}, {"model": "MainCalendar.cell", "pk": 417, "fields": {"color": 5}}, {"model": "MainCalendar.cell", "pk": 418, "fields": {"color": 2}}, {"model": "MainCalendar.cell", "pk": 419, "fields": {"color": 6}}, {"model": "MainCalendar.cell", "pk": 420, "fields": {"color": 0}}, {"model": "MainCalendar.cell", "pk": 421, "fields": {"color": 4}}, {"model": "MainCalendar.cell", "pk": 422, "fields": {"color": 3}}, {"model": "MainCalendar.cell", "pk": 423, "fields": {"color": 1}}, {"model": "MainCalendar.cell", "pk": 424, "fields": {"color": 5}}, {"model": "MainCalendar.cell", "pk": 425, "fields": {"color": 6}}, {"model": "MainCalendar.cell", "pk": 426, "fields": {"color": 0}}, {"model": "MainCalendar.cell", "pk": 427, "fields": {"color": 4}}, {"model": "MainCalendar.cell", "pk": 428, "fields": {"color": 3}}, {"model": "MainCalendar.cell", "pk": 429, "fields": {"color": 1}}, {"model": "MainCalendar.cell", "pk": 430, "fields": {"color": 5}}, {"model": "MainCalendar.cell", "pk": 431, "fields": {"color": 6}}, {"model": "MainCalendar.cell", "pk": 432, "fields": {"color": 0}}, {"model": "MainCalendar.cell", "pk": 433, "fields": {"color": 11}}, {"model": "MainCalendar.cell", "pk": 434, "fields": {"color": 11}}, {"model": "MainCalendar.cell", "pk": 435, "fields": {"color": 11}}, {"model": "MainCalendar.cell", "pk": 436, "fields": {"color": 11}}, {"model": "MainCalendar.cell", "pk": 437, "fields": {"color": 11}}, {"model": "MainCalendar.cell", "pk": 438, "fields": {"color": 0}}, {"model": "MainCalendar.cell", "pk": 439, "fields": {"color": 11}}, {"model": "MainCalendar.cell", "pk": 440, "fields": {"color": 11}}, {"model": "MainCalendar.cell", "pk": 441, "fields": {"color": 11}}, {"model": "MainCalendar.cell", "pk": 442, "fields": {"color": 11}}, {"model": "MainCalendar.cell", "pk": 443, "fields": {"color": 11}}, {"model": "MainCalendar.cell", "pk": 444, "fields": {"color": 0}}, {"model": "MainCalendar.cell", "pk": 445, "fields": {"color": 6}}, {"model": "MainCalendar.cell", "pk": 446, "fields": {"color": 4}}, {"model": "MainCalendar.cell", "pk": 447, "fields": {"color": 3}}, {"model": "MainCalendar.cell", "pk": 448, "fields": {"color": 1}}, {"model": "MainCalendar.cell", "pk": 449, "fields": {"color": 5}}, {"model": "MainCalendar.cell", "pk": 450, "fields": {"color": 0}}, {"model": "MainCalendar.cell", "pk": 451, "fields": {"color": 6}}, {"model": "MainCalendar.cell", "pk": 452, "fields": {"color": 4}}, {"model": "MainCalendar.cell", "pk": 453, "fields": {"color": 3}}, {"model": "MainCalendar.cell", "pk": 454, "fields": {"color": 1}}, {"model": "MainCalendar.cell", "pk": 455, "fields": {"color": 5}}, {"model": "MainCalendar.cell", "pk": 456, "fields": {"color": 0}}, {"model": "MainCalendar.cell", "pk": 457, "fields": {"color": 2}}, {"model": "MainCalendar.cell", "pk": 458, "fields": {"color": 6}}, {"model": "MainCalendar.cell", "pk": 459, "fields": {"color": 4}}, {"model": "MainCalendar.cell", "pk": 460, "fields": {"color": 3}}, {"model": "MainCalendar.cell", "pk": 461, "fields": {"color": 1}}, {"model": "MainCalendar.cell", "pk": 462, "fields": {"color": 0}}, {"model": "MainCalendar.cell", "pk": 463, "fields": {"color": 2}}, {"model": "MainCalendar.cell", "pk": 464, "fields": {"color": 6}}, {"model": "MainCalendar.cell", "pk": 465, "fields": {"color": 4}}, {"model": "MainCalendar.cell", "pk": 466, "fields": {"color": 3}}, {"model": "MainCalendar.cell", "pk": 467, "fields": {"color": 1}}, {"model": "MainCalendar.cell", "pk": 468, "fields": {"color": 0}}, {"model": "MainCalendar.cell", "pk": 469, "fields": {"color": 0}}, {"model": "MainCalendar.cell", "pk": 470, "fields": {"color": 10}}, {"model": "MainCalendar.cell", "pk": 471, "fields": {"color": 10}}, {"model": "MainCalendar.cell", "pk": 472, "fields": {"color": 14}}, {"model": "MainCalendar.cell", "pk": 473, "fields": {"color": 10}}, {"model": "MainCalendar.cell", "pk": 474, "fields": {"color": 0}}, {"model": "MainCalendar.cell", "pk": 475, "fields": {"color": 0}}, {"model": "MainCalendar.cell", "pk": 476, "fields": {"color": 6}}, {"model": "MainCalendar.cell", "pk": 477, "fields": {"color": 0}}, {"model": "MainCalendar.cell", "pk": 478, "fields": {"color": 14}}, {"model": "MainCalendar.cell", "pk": 479, "fields": {"color": 0}}, {"model": "MainCalendar.cell", "pk": 480, "fields": {"color": 0}}, {"model": "MainCalendar.cell", "pk": 481, "fields": {"color": 0}}, {"model": "MainCalendar.cell", "pk": 482, "fields": {"color": 6}}, {"model": "MainCalendar.cell", "pk": 483, "fields": {"color": 0}}, {"model": "MainCalendar.cell", "pk": 484, "fields": {"color": 10}}, {"model": "MainCalendar.cell", "pk": 485, "fields": {"color": 0}}, {"model": "MainCalendar.cell", "pk": 486, "fields": {"color": 0}}, {"model": "MainCalendar.cell", "pk": 487, "fields": {"color": 0}}, {"model": "MainCalendar.cell", "pk": 488, "fields": {"color": 0}}, {"model": "MainCalendar.cell", "pk": 489, "fields": {"color": 0}}, {"model": "MainCalendar.cell", "pk": 490, "fields": {"color": 0}}, {"model": "MainCalendar.cell", "pk": 491, "fields": {"color": 0}}, {"model": "MainCalendar.cell", "pk": 492, "fields": {"color": 0}}]